CHROM	POS	SINGLETON/DOUBLETON	ALLELE	INDV
cluster_001_consensus	667817	S	G	15_5_11-Rht_758_C
cluster_001_consensus	667826	S	G	15_5_11-Rht_758_C
cluster_001_consensus	668406	S	T	15_5_11-Rht_758_C
cluster_001_consensus	668460	S	T	15_5_11-Rht_758_C
cluster_001_consensus	668475	S	C	15_5_11-Rht_758_C
cluster_001_consensus	668555	S	G	15_5_11-Rht_758_C
cluster_001_consensus	668652	S	T	15_5_11-Rht_758_C
cluster_001_consensus	668667	S	T	15_5_11-Rht_758_C
cluster_001_consensus	668685	S	C	15_5_11-Rht_758_C
cluster_001_consensus	668689	S	G	15_5_11-Rht_758_C
cluster_001_consensus	668691	S	G	15_5_11-Rht_758_C
cluster_001_consensus	668694	S	C	15_5_11-Rht_758_C
cluster_001_consensus	668733	S	C	15_5_11-Rht_758_C
cluster_001_consensus	668745	S	C	15_5_11-Rht_758_C
cluster_001_consensus	668782	S	CA	15_5_11-Rht_758_C
cluster_001_consensus	669399	S	G	15_5_11-Rht_758_C
cluster_001_consensus	669402	S	A	15_5_11-Rht_758_C
cluster_001_consensus	669414	S	C	15_5_11-Rht_758_C
cluster_001_consensus	669453	S	T	15_5_11-Rht_758_C
cluster_001_consensus	669495	S	T	15_5_11-Rht_758_C
cluster_001_consensus	669510	S	G	15_5_11-Rht_758_C
cluster_001_consensus	669535	S	A	15_5_11-Rht_758_C
cluster_001_consensus	669585	S	T	15_5_11-Rht_758_C
cluster_001_consensus	669711	S	G	15_5_11-Rht_758_C
cluster_001_consensus	669746	S	T	15_5_11-Rht_758_C
cluster_001_consensus	669758	S	G	15_5_11-Rht_758_C
cluster_001_consensus	669765	S	G	15_5_11-Rht_758_C
cluster_001_consensus	669766	S	TA	15_5_11-Rht_758_C
cluster_001_consensus	669787	S	T	15_5_11-Rht_758_C
cluster_001_consensus	669916	S	T	15_5_11-Rht_758_C
cluster_001_consensus	670030	S	C	15_5_11-Rht_758_C
cluster_001_consensus	670075	S	T	15_5_11-Rht_758_C
cluster_001_consensus	670259	S	C	15_5_11-Rht_758_C
cluster_001_consensus	670417	S	T	15_5_11-Rht_758_C
cluster_001_consensus	670435	S	C	15_5_11-Rht_758_C
cluster_001_consensus	670715	S	T	15_5_11-Rht_758_C
cluster_001_consensus	670945	S	A	15_5_11-Rht_758_C
cluster_001_consensus	671038	S	G	15_5_11-Rht_758_C
cluster_001_consensus	671080	S	G	15_5_11-Rht_758_C
cluster_001_consensus	671362	S	G	15_5_11-Rht_758_C
cluster_001_consensus	671443	S	T	15_5_11-Rht_758_C
cluster_001_consensus	671919	S	C	15_5_11-Rht_758_C
cluster_001_consensus	672033	S	C	15_5_11-Rht_758_C
cluster_001_consensus	672138	S	G	15_5_11-Rht_758_C
cluster_001_consensus	672355	S	A	15_5_11-Rht_758_C
cluster_001_consensus	672447	S	C	15_5_11-Rht_758_C
cluster_001_consensus	672465	S	A	15_5_11-Rht_758_C
cluster_001_consensus	672474	S	G	15_5_11-Rht_758_C
cluster_001_consensus	672573	S	A	15_5_11-Rht_758_C
cluster_001_consensus	672651	S	G	15_5_11-Rht_758_C
cluster_001_consensus	672831	S	T	15_5_11-Rht_758_C
cluster_001_consensus	672903	S	C	15_5_11-Rht_758_C
cluster_001_consensus	673092	S	T	15_5_11-Rht_758_C
cluster_001_consensus	673131	S	T	15_5_11-Rht_758_C
cluster_001_consensus	673152	S	T	15_5_11-Rht_758_C
cluster_001_consensus	673173	S	G	15_5_11-Rht_758_C
cluster_001_consensus	673182	S	C	15_5_11-Rht_758_C
cluster_001_consensus	673209	S	G	15_5_11-Rht_758_C
cluster_001_consensus	673295	S	ATC	15_5_11-Rht_758_C
cluster_001_consensus	673299	S	C	15_5_11-Rht_758_C
cluster_001_consensus	673301	S	C	15_5_11-Rht_758_C
cluster_001_consensus	673317	S	A	15_5_11-Rht_758_C
cluster_001_consensus	673673	S	C	15_5_11-Rht_758_C
cluster_001_consensus	673867	S	G	15_5_11-Rht_758_C
cluster_001_consensus	673983	S	T	15_5_11-Rht_758_C
cluster_001_consensus	674076	S	C	15_5_11-Rht_758_C
cluster_001_consensus	674140	S	G	15_5_11-Rht_758_C
cluster_001_consensus	674184	S	T	15_5_11-Rht_758_C
cluster_001_consensus	674193	S	C	15_5_11-Rht_758_C
cluster_001_consensus	674233	S	T	15_5_11-Rht_758_C
cluster_001_consensus	674427	S	C	15_5_11-Rht_758_C
cluster_001_consensus	674445	S	A	15_5_11-Rht_758_C
cluster_001_consensus	674733	S	C	15_5_11-Rht_758_C
cluster_001_consensus	674910	S	G	15_5_11-Rht_758_C
cluster_001_consensus	675039	S	C	15_5_11-Rht_758_C
cluster_001_consensus	675130	S	C	15_5_11-Rht_758_C
cluster_001_consensus	675178	S	A	15_5_11-Rht_758_C
cluster_001_consensus	675212	S	T	15_5_11-Rht_758_C
cluster_001_consensus	675413	S	C	15_5_11-Rht_758_C
cluster_001_consensus	675623	S	T	15_5_11-Rht_758_C
cluster_001_consensus	675678	S	G	15_5_11-Rht_758_C
cluster_001_consensus	675810	S	T	15_5_11-Rht_758_C
cluster_001_consensus	675876	S	C	15_5_11-Rht_758_C
cluster_001_consensus	675901	S	G	15_5_11-Rht_758_C
cluster_001_consensus	676067	S	T	15_5_11-Rht_758_C
cluster_001_consensus	676107	S	C	15_5_11-Rht_758_C
cluster_001_consensus	676134	S	G	15_5_11-Rht_758_C
cluster_001_consensus	676137	S	G	15_5_11-Rht_758_C
cluster_001_consensus	676188	S	C	15_5_11-Rht_758_C
cluster_001_consensus	676194	S	G	15_5_11-Rht_758_C
cluster_001_consensus	676230	S	T	15_5_11-Rht_758_C
cluster_001_consensus	676278	S	G	15_5_11-Rht_758_C
cluster_001_consensus	676281	S	G	15_5_11-Rht_758_C
cluster_001_consensus	676314	S	G	15_5_11-Rht_758_C
cluster_001_consensus	676389	S	C	15_5_11-Rht_758_C
cluster_001_consensus	676530	S	T	15_5_11-Rht_758_C
cluster_001_consensus	676539	S	A	15_5_11-Rht_758_C
cluster_001_consensus	676548	S	T	15_5_11-Rht_758_C
cluster_001_consensus	676549	S	T	15_5_11-Rht_758_C
cluster_001_consensus	676551	S	T	15_5_11-Rht_758_C
cluster_001_consensus	676563	S	T	15_5_11-Rht_758_C
cluster_001_consensus	676566	S	G	15_5_11-Rht_758_C
cluster_001_consensus	676615	S	A	15_5_11-Rht_758_C
cluster_001_consensus	676638	S	C	15_5_11-Rht_758_C
cluster_001_consensus	676639	S	A	15_5_11-Rht_758_C
cluster_001_consensus	676661	S	C	15_5_11-Rht_758_C
cluster_001_consensus	676691	S	T	15_5_11-Rht_758_C
cluster_001_consensus	676706	S	T	15_5_11-Rht_758_C
cluster_001_consensus	676772	S	G	15_5_11-Rht_758_C
cluster_001_consensus	676796	S	G	15_5_11-Rht_758_C
cluster_001_consensus	676846	S	A	15_5_11-Rht_758_C
cluster_001_consensus	676847	S	T	15_5_11-Rht_758_C
cluster_001_consensus	676880	S	G	15_5_11-Rht_758_C
cluster_001_consensus	676919	S	G	15_5_11-Rht_758_C
cluster_001_consensus	676928	S	G	15_5_11-Rht_758_C
cluster_001_consensus	676949	S	T	15_5_11-Rht_758_C
cluster_001_consensus	676999	S	C	15_5_11-Rht_758_C
cluster_001_consensus	677024	S	C	15_5_11-Rht_758_C
cluster_001_consensus	677183	S	C	15_5_11-Rht_758_C
cluster_001_consensus	677189	S	G	15_5_11-Rht_758_C
cluster_001_consensus	677222	S	C	15_5_11-Rht_758_C
cluster_001_consensus	677293	S	A	15_5_11-Rht_758_C
cluster_001_consensus	677438	S	G	15_5_11-Rht_758_C
cluster_001_consensus	677736	S	C	15_5_11-Rht_758_C
cluster_001_consensus	677739	S	C	15_5_11-Rht_758_C
cluster_001_consensus	677766	S	A	15_5_11-Rht_758_C
cluster_001_consensus	677829	S	G	15_5_11-Rht_758_C
cluster_001_consensus	677868	S	C	15_5_11-Rht_758_C
cluster_001_consensus	678033	S	G	15_5_11-Rht_758_C
cluster_001_consensus	678039	S	A	15_5_11-Rht_758_C
cluster_001_consensus	678048	S	G	15_5_11-Rht_758_C
cluster_001_consensus	678060	S	A	15_5_11-Rht_758_C
cluster_001_consensus	678141	S	T	15_5_11-Rht_758_C
cluster_001_consensus	678470	S	A	15_5_11-Rht_758_C
cluster_001_consensus	678477	S	C	15_5_11-Rht_758_C
cluster_001_consensus	678479	S	G	15_5_11-Rht_758_C
cluster_001_consensus	678485	S	T	15_5_11-Rht_758_C
cluster_001_consensus	678578	S	C	15_5_11-Rht_758_C
cluster_001_consensus	679122	S	C	15_5_11-Rht_758_C
cluster_001_consensus	679359	S	T	15_5_11-Rht_758_C
cluster_001_consensus	679377	S	C	15_5_11-Rht_758_C
cluster_001_consensus	679386	S	A	15_5_11-Rht_758_C
cluster_001_consensus	679410	S	G	15_5_11-Rht_758_C
cluster_001_consensus	679488	S	C	15_5_11-Rht_758_C
cluster_001_consensus	679590	S	C	15_5_11-Rht_758_C
cluster_001_consensus	679596	S	G	15_5_11-Rht_758_C
cluster_001_consensus	679599	S	T	15_5_11-Rht_758_C
cluster_001_consensus	679680	S	C	15_5_11-Rht_758_C
cluster_001_consensus	679815	S	T	15_5_11-Rht_758_C
cluster_001_consensus	679932	S	C	15_5_11-Rht_758_C
cluster_001_consensus	680054	S	G	15_5_11-Rht_758_C
cluster_001_consensus	680061	S	G	15_5_11-Rht_758_C
cluster_001_consensus	680182	S	G	15_5_11-Rht_758_C
cluster_001_consensus	680449	S	C	15_5_11-Rht_758_C
cluster_001_consensus	680972	S	A	15_5_11-Rht_758_C
cluster_001_consensus	681002	S	T	15_5_11-Rht_758_C
cluster_001_consensus	681098	S	C	15_5_11-Rht_758_C
cluster_001_consensus	681134	S	T	15_5_11-Rht_758_C
cluster_001_consensus	681176	S	A	15_5_11-Rht_758_C
cluster_001_consensus	681290	S	G	15_5_11-Rht_758_C
cluster_001_consensus	681320	S	C	15_5_11-Rht_758_C
cluster_001_consensus	681359	S	C	15_5_11-Rht_758_C
cluster_001_consensus	681425	S	G	15_5_11-Rht_758_C
cluster_001_consensus	681545	S	A	15_5_11-Rht_758_C
cluster_001_consensus	681569	S	G	15_5_11-Rht_758_C
cluster_001_consensus	681724	S	C	15_5_11-Rht_758_C
cluster_001_consensus	681726	S	T	15_5_11-Rht_758_C
cluster_001_consensus	681745	S	T	15_5_11-Rht_758_C
cluster_001_consensus	681747	S	T	15_5_11-Rht_758_C
cluster_001_consensus	681760	S	A	15_5_11-Rht_758_C
cluster_001_consensus	681763	S	G	15_5_11-Rht_758_C
cluster_001_consensus	681812	S	C	15_5_11-Rht_758_C
cluster_001_consensus	681818	S	A	15_5_11-Rht_758_C
cluster_001_consensus	681901	S	G	15_5_11-Rht_758_C
cluster_001_consensus	681957	S	A	15_5_11-Rht_758_C
cluster_001_consensus	681971	S	G	15_5_11-Rht_758_C
cluster_001_consensus	681999	S	T	15_5_11-Rht_758_C
cluster_001_consensus	682001	S	A	15_5_11-Rht_758_C
cluster_001_consensus	682002	S	A	15_5_11-Rht_758_C
cluster_001_consensus	682106	S	C	15_5_11-Rht_758_C
cluster_001_consensus	682130	S	T	15_5_11-Rht_758_C
cluster_001_consensus	682141	S	G	15_5_11-Rht_758_C
cluster_001_consensus	682154	S	C	15_5_11-Rht_758_C
cluster_001_consensus	682211	S	G	15_5_11-Rht_758_C
cluster_001_consensus	682298	S	T	15_5_11-Rht_758_C
cluster_001_consensus	682301	S	C	15_5_11-Rht_758_C
cluster_001_consensus	682328	S	G	15_5_11-Rht_758_C
cluster_001_consensus	682331	S	C	15_5_11-Rht_758_C
cluster_001_consensus	682338	S	G	15_5_11-Rht_758_C
cluster_001_consensus	682349	S	C	15_5_11-Rht_758_C
cluster_001_consensus	682361	S	G	15_5_11-Rht_758_C
cluster_001_consensus	682391	S	C	15_5_11-Rht_758_C
cluster_001_consensus	682424	S	A	15_5_11-Rht_758_C
cluster_001_consensus	682451	S	C	15_5_11-Rht_758_C
cluster_001_consensus	682466	S	A	15_5_11-Rht_758_C
cluster_001_consensus	682475	S	C	15_5_11-Rht_758_C
cluster_001_consensus	682752	S	C	15_5_11-Rht_758_C
cluster_001_consensus	682832	S	C	15_5_11-Rht_758_C
cluster_001_consensus	682871	S	C	15_5_11-Rht_758_C
cluster_001_consensus	682985	S	C	15_5_11-Rht_758_C
cluster_001_consensus	683006	S	T	15_5_11-Rht_758_C
cluster_001_consensus	683015	S	G	15_5_11-Rht_758_C
cluster_001_consensus	683018	S	C	15_5_11-Rht_758_C
cluster_001_consensus	683073	S	G	15_5_11-Rht_758_C
cluster_001_consensus	683111	S	G	15_5_11-Rht_758_C
cluster_001_consensus	683120	S	C	15_5_11-Rht_758_C
cluster_001_consensus	683123	S	A	15_5_11-Rht_758_C
cluster_001_consensus	683165	S	T	15_5_11-Rht_758_C
cluster_001_consensus	683207	S	T	15_5_11-Rht_758_C
cluster_001_consensus	683225	S	T	15_5_11-Rht_758_C
cluster_001_consensus	683327	S	T	15_5_11-Rht_758_C
cluster_001_consensus	683345	S	C	15_5_11-Rht_758_C
cluster_001_consensus	683354	S	T	15_5_11-Rht_758_C
cluster_001_consensus	683380	S	G	15_5_11-Rht_758_C
cluster_001_consensus	683583	S	G	15_5_11-Rht_758_C
cluster_001_consensus	683825	S	G	15_5_11-Rht_758_C
cluster_001_consensus	683827	S	C	15_5_11-Rht_758_C
cluster_001_consensus	683828	S	G	15_5_11-Rht_758_C
cluster_001_consensus	683858	S	G	15_5_11-Rht_758_C
cluster_001_consensus	683860	S	A	15_5_11-Rht_758_C
cluster_001_consensus	683861	S	T	15_5_11-Rht_758_C
cluster_001_consensus	683865	S	A	15_5_11-Rht_758_C
cluster_001_consensus	683897	S	A	15_5_11-Rht_758_C
cluster_001_consensus	683900	S	G	15_5_11-Rht_758_C
cluster_001_consensus	683960	S	C	15_5_11-Rht_758_C
cluster_001_consensus	683987	S	T	15_5_11-Rht_758_C
cluster_001_consensus	684077	S	C	15_5_11-Rht_758_C
cluster_001_consensus	684140	S	G	15_5_11-Rht_758_C
cluster_001_consensus	684221	S	C	15_5_11-Rht_758_C
cluster_001_consensus	684227	S	T	15_5_11-Rht_758_C
cluster_001_consensus	684230	S	A	15_5_11-Rht_758_C
cluster_001_consensus	684233	S	A	15_5_11-Rht_758_C
cluster_001_consensus	684577	S	T	15_5_11-Rht_758_C
cluster_001_consensus	684752	S	G	15_5_11-Rht_758_C
cluster_001_consensus	684865	S	G	15_5_11-Rht_758_C
cluster_001_consensus	684923	S	C	15_5_11-Rht_758_C
cluster_001_consensus	685034	S	C	15_5_11-Rht_758_C
cluster_001_consensus	685119	S	C	15_5_11-Rht_758_C
cluster_001_consensus	685129	S	T	15_5_11-Rht_758_C
cluster_001_consensus	685169	S	T	15_5_11-Rht_758_C
cluster_001_consensus	685363	S	T	15_5_11-Rht_758_C
cluster_001_consensus	685469	S	A	15_5_11-Rht_758_C
cluster_001_consensus	685529	S	A	15_5_11-Rht_758_C
cluster_001_consensus	685705	S	A	15_5_11-Rht_758_C
cluster_001_consensus	685897	S	G	15_5_11-Rht_758_C
cluster_001_consensus	686005	S	A	15_5_11-Rht_758_C
cluster_001_consensus	686271	S	C	15_5_11-Rht_758_C
cluster_001_consensus	686305	S	A	15_5_11-Rht_758_C
cluster_001_consensus	686308	S	T	15_5_11-Rht_758_C
cluster_001_consensus	686458	S	C	15_5_11-Rht_758_C
cluster_001_consensus	686461	S	C	15_5_11-Rht_758_C
cluster_001_consensus	686484	S	C	15_5_11-Rht_758_C
cluster_001_consensus	686521	S	C	15_5_11-Rht_758_C
cluster_001_consensus	686696	S	T	15_5_11-Rht_758_C
cluster_001_consensus	686716	S	C	15_5_11-Rht_758_C
cluster_001_consensus	686731	S	A	15_5_11-Rht_758_C
cluster_001_consensus	686871	S	G	15_5_11-Rht_758_C
cluster_001_consensus	686898	S	G	15_5_11-Rht_758_C
cluster_001_consensus	686949	S	A	15_5_11-Rht_758_C
cluster_001_consensus	686958	S	G	15_5_11-Rht_758_C
cluster_001_consensus	687021	S	C	15_5_11-Rht_758_C
cluster_001_consensus	687023	S	A	15_5_11-Rht_758_C
cluster_001_consensus	687024	S	G	15_5_11-Rht_758_C
cluster_001_consensus	687026	S	T	15_5_11-Rht_758_C
cluster_001_consensus	687075	S	C	15_5_11-Rht_758_C
cluster_001_consensus	687081	S	A	15_5_11-Rht_758_C
cluster_001_consensus	687114	S	G	15_5_11-Rht_758_C
cluster_001_consensus	687147	S	T	15_5_11-Rht_758_C
cluster_001_consensus	687153	S	G	15_5_11-Rht_758_C
cluster_001_consensus	687165	S	T	15_5_11-Rht_758_C
cluster_001_consensus	687166	S	T	15_5_11-Rht_758_C
cluster_001_consensus	687189	S	C	15_5_11-Rht_758_C
cluster_001_consensus	687253	S	T	15_5_11-Rht_758_C
cluster_001_consensus	687276	S	A	15_5_11-Rht_758_C
cluster_001_consensus	687282	S	G	15_5_11-Rht_758_C
cluster_001_consensus	687339	S	T	15_5_11-Rht_758_C
cluster_001_consensus	687357	S	T	15_5_11-Rht_758_C
cluster_001_consensus	687396	S	C	15_5_11-Rht_758_C
cluster_001_consensus	687516	S	A	15_5_11-Rht_758_C
cluster_001_consensus	687819	S	C	15_5_11-Rht_758_C
cluster_001_consensus	687878	S	C	15_5_11-Rht_758_C
cluster_001_consensus	687920	S	G	15_5_11-Rht_758_C
cluster_001_consensus	687972	S	A	15_5_11-Rht_758_C
cluster_001_consensus	687989	S	T	15_5_11-Rht_758_C
cluster_001_consensus	688009	S	A	15_5_11-Rht_758_C
cluster_001_consensus	688043	S	T	15_5_11-Rht_758_C
cluster_001_consensus	688067	S	C	15_5_11-Rht_758_C
cluster_001_consensus	688088	S	T	15_5_11-Rht_758_C
cluster_001_consensus	688166	S	C	15_5_11-Rht_758_C
cluster_001_consensus	688169	S	T	15_5_11-Rht_758_C
cluster_001_consensus	688198	S	A	15_5_11-Rht_758_C
cluster_001_consensus	688277	S	G	15_5_11-Rht_758_C
cluster_001_consensus	688361	S	G	15_5_11-Rht_758_C
cluster_001_consensus	688367	S	T	15_5_11-Rht_758_C
cluster_001_consensus	688382	S	G	15_5_11-Rht_758_C
cluster_001_consensus	688401	S	G	15_5_11-Rht_758_C
cluster_001_consensus	688481	S	C	15_5_11-Rht_758_C
cluster_001_consensus	688505	S	C	15_5_11-Rht_758_C
cluster_001_consensus	688556	S	C	15_5_11-Rht_758_C
cluster_001_consensus	688714	S	A	15_5_11-Rht_758_C
cluster_001_consensus	688733	S	A	15_5_11-Rht_758_C
cluster_001_consensus	688965	S	T	15_5_11-Rht_758_C
cluster_001_consensus	688983	S	A	15_5_11-Rht_758_C
cluster_001_consensus	689130	S	T	15_5_11-Rht_758_C
cluster_001_consensus	689173	S	T	15_5_11-Rht_758_C
cluster_001_consensus	689178	S	A	15_5_11-Rht_758_C
cluster_001_consensus	689208	S	A	15_5_11-Rht_758_C
cluster_001_consensus	689249	S	G	15_5_11-Rht_758_C
cluster_001_consensus	689332	S	A	15_5_11-Rht_758_C
cluster_001_consensus	689416	S	G	15_5_11-Rht_758_C
cluster_001_consensus	689538	S	G	15_5_11-Rht_758_C
cluster_001_consensus	689553	S	C	15_5_11-Rht_758_C
cluster_001_consensus	689607	S	G	15_5_11-Rht_758_C
cluster_001_consensus	689610	S	T	15_5_11-Rht_758_C
cluster_001_consensus	689637	S	T	15_5_11-Rht_758_C
cluster_001_consensus	689724	S	T	15_5_11-Rht_758_C
cluster_001_consensus	689847	S	C	15_5_11-Rht_758_C
cluster_001_consensus	689934	S	G	15_5_11-Rht_758_C
cluster_001_consensus	690156	S	G	15_5_11-Rht_758_C
cluster_001_consensus	690171	S	G	15_5_11-Rht_758_C
cluster_001_consensus	690177	S	T	15_5_11-Rht_758_C
cluster_001_consensus	690228	S	T	15_5_11-Rht_758_C
cluster_001_consensus	690315	S	C	15_5_11-Rht_758_C
cluster_001_consensus	690594	S	C	15_5_11-Rht_758_C
cluster_001_consensus	690609	S	A	15_5_11-Rht_758_C
cluster_001_consensus	690717	S	T	15_5_11-Rht_758_C
cluster_001_consensus	690723	S	C	15_5_11-Rht_758_C
cluster_001_consensus	690747	S	A	15_5_11-Rht_758_C
cluster_001_consensus	690780	S	T	15_5_11-Rht_758_C
cluster_001_consensus	690801	S	T	15_5_11-Rht_758_C
cluster_001_consensus	690822	S	G	15_5_11-Rht_758_C
cluster_001_consensus	690825	S	A	15_5_11-Rht_758_C
cluster_001_consensus	690906	S	AG	15_5_11-Rht_758_C
cluster_001_consensus	690908	S	G	15_5_11-Rht_758_C
cluster_001_consensus	690913	S	C	15_5_11-Rht_758_C
cluster_001_consensus	690934	S	T	15_5_11-Rht_758_C
cluster_001_consensus	690946	S	C	15_5_11-Rht_758_C
cluster_001_consensus	690985	S	G	15_5_11-Rht_758_C
cluster_001_consensus	690988	S	A	15_5_11-Rht_758_C
cluster_001_consensus	690997	S	C	15_5_11-Rht_758_C
cluster_001_consensus	691114	S	G	15_5_11-Rht_758_C
cluster_001_consensus	691135	S	G	15_5_11-Rht_758_C
cluster_001_consensus	691141	S	A	15_5_11-Rht_758_C
cluster_001_consensus	691147	S	G	15_5_11-Rht_758_C
cluster_001_consensus	691258	S	A	15_5_11-Rht_758_C
cluster_001_consensus	691261	S	T	15_5_11-Rht_758_C
cluster_001_consensus	691312	S	C	15_5_11-Rht_758_C
cluster_001_consensus	691336	S	G	15_5_11-Rht_758_C
cluster_001_consensus	691351	S	G	15_5_11-Rht_758_C
cluster_001_consensus	691525	S	C	15_5_11-Rht_758_C
cluster_001_consensus	691591	S	T	15_5_11-Rht_758_C
cluster_001_consensus	691615	S	A	15_5_11-Rht_758_C
cluster_001_consensus	691678	S	G	15_5_11-Rht_758_C
cluster_001_consensus	691705	S	A	15_5_11-Rht_758_C
cluster_001_consensus	691729	S	T	15_5_11-Rht_758_C
cluster_001_consensus	691864	S	G	15_5_11-Rht_758_C
cluster_001_consensus	691870	S	A	15_5_11-Rht_758_C
cluster_001_consensus	691873	S	G	15_5_11-Rht_758_C
cluster_001_consensus	691975	S	A	15_5_11-Rht_758_C
cluster_001_consensus	692002	S	G	15_5_11-Rht_758_C
cluster_001_consensus	692038	S	G	15_5_11-Rht_758_C
cluster_001_consensus	692050	S	C	15_5_11-Rht_758_C
cluster_001_consensus	692053	S	T	15_5_11-Rht_758_C
cluster_001_consensus	692094	S	G	15_5_11-Rht_758_C
cluster_001_consensus	692281	S	A	15_5_11-Rht_758_C
cluster_001_consensus	692287	S	A	15_5_11-Rht_758_C
cluster_001_consensus	692293	S	A	15_5_11-Rht_758_C
cluster_001_consensus	692359	S	A	15_5_11-Rht_758_C
cluster_001_consensus	692422	S	C	15_5_11-Rht_758_C
cluster_001_consensus	692530	S	G	15_5_11-Rht_758_C
cluster_001_consensus	692554	S	G	15_5_11-Rht_758_C
cluster_001_consensus	692755	S	C	15_5_11-Rht_758_C
cluster_001_consensus	692797	S	C	15_5_11-Rht_758_C
cluster_001_consensus	693103	S	G	15_5_11-Rht_758_C
cluster_001_consensus	693118	S	C	15_5_11-Rht_758_C
cluster_001_consensus	693658	S	G	15_5_11-Rht_758_C
cluster_001_consensus	693661	S	C	15_5_11-Rht_758_C
cluster_001_consensus	693676	S	G	15_5_11-Rht_758_C
cluster_001_consensus	693820	S	A	15_5_11-Rht_758_C
cluster_001_consensus	693838	S	G	15_5_11-Rht_758_C
cluster_001_consensus	693847	S	C	15_5_11-Rht_758_C
cluster_001_consensus	693898	S	G	15_5_11-Rht_758_C
cluster_001_consensus	694323	S	C	15_5_11-Rht_758_C
cluster_001_consensus	694326	S	A	15_5_11-Rht_758_C
cluster_001_consensus	694401	S	G	15_5_11-Rht_758_C
cluster_001_consensus	694419	S	A	15_5_11-Rht_758_C
cluster_001_consensus	694593	S	C	15_5_11-Rht_758_C
cluster_001_consensus	694605	S	G	15_5_11-Rht_758_C
cluster_001_consensus	694606	S	G	15_5_11-Rht_758_C
cluster_001_consensus	694641	S	A	15_5_11-Rht_758_C
cluster_001_consensus	694665	S	A	15_5_11-Rht_758_C
cluster_001_consensus	694758	S	G	15_5_11-Rht_758_C
cluster_001_consensus	694875	S	T	15_5_11-Rht_758_C
cluster_001_consensus	694877	S	G	15_5_11-Rht_758_C
cluster_001_consensus	694878	S	G	15_5_11-Rht_758_C
cluster_001_consensus	694887	S	A	15_5_11-Rht_758_C
cluster_001_consensus	694995	S	T	15_5_11-Rht_758_C
cluster_001_consensus	695006	S	C	15_5_11-Rht_758_C
cluster_001_consensus	695068	S	C	15_5_11-Rht_758_C
cluster_001_consensus	695069	S	G	15_5_11-Rht_758_C
cluster_001_consensus	695076	S	G	15_5_11-Rht_758_C
cluster_001_consensus	695077	S	GT	15_5_11-Rht_758_C
cluster_001_consensus	695085	S	T	15_5_11-Rht_758_C
cluster_001_consensus	695113	S	A	15_5_11-Rht_758_C
cluster_001_consensus	695116	S	T	15_5_11-Rht_758_C
cluster_001_consensus	695910	S	C	15_5_11-Rht_758_C
cluster_001_consensus	695946	S	G	15_5_11-Rht_758_C
cluster_001_consensus	696009	S	T	15_5_11-Rht_758_C
cluster_001_consensus	696099	S	G	15_5_11-Rht_758_C
cluster_001_consensus	696126	S	A	15_5_11-Rht_758_C
cluster_001_consensus	696156	S	C	15_5_11-Rht_758_C
cluster_001_consensus	696186	S	A	15_5_11-Rht_758_C
cluster_001_consensus	696222	S	G	15_5_11-Rht_758_C
cluster_001_consensus	696225	S	G	15_5_11-Rht_758_C
cluster_001_consensus	696663	S	A	15_5_11-Rht_758_C
cluster_001_consensus	696672	S	T	15_5_11-Rht_758_C
cluster_001_consensus	696729	S	C	15_5_11-Rht_758_C
cluster_001_consensus	697099	S	T	15_5_11-Rht_758_C
cluster_001_consensus	697101	S	G	15_5_11-Rht_758_C
cluster_001_consensus	697104	S	T	15_5_11-Rht_758_C
cluster_001_consensus	697198	S	C	15_5_11-Rht_758_C
cluster_001_consensus	697345	S	A	15_5_11-Rht_758_C
cluster_001_consensus	697358	S	T	15_5_11-Rht_758_C
cluster_001_consensus	697432	S	G	15_5_11-Rht_758_C
cluster_001_consensus	697526	S	T	15_5_11-Rht_758_C
cluster_001_consensus	697667	S	C	15_5_11-Rht_758_C
cluster_001_consensus	697723	S	T	15_5_11-Rht_758_C
cluster_001_consensus	697741	S	T	15_5_11-Rht_758_C
cluster_001_consensus	697833	S	A	15_5_11-Rht_758_C
cluster_001_consensus	697904	S	C	15_5_11-Rht_758_C
cluster_001_consensus	697910	S	C	15_5_11-Rht_758_C
cluster_001_consensus	697918	S	T	15_5_11-Rht_758_C
cluster_001_consensus	697975	S	G	15_5_11-Rht_758_C
cluster_001_consensus	697977	S	T	15_5_11-Rht_758_C
cluster_001_consensus	697981	S	A	15_5_11-Rht_758_C
cluster_001_consensus	698026	S	T	15_5_11-Rht_758_C
cluster_001_consensus	698036	S	G	15_5_11-Rht_758_C
cluster_001_consensus	698042	S	C	15_5_11-Rht_758_C
cluster_001_consensus	698072	S	T	15_5_11-Rht_758_C
cluster_001_consensus	698090	S	A	15_5_11-Rht_758_C
cluster_001_consensus	698153	S	G	15_5_11-Rht_758_C
cluster_001_consensus	698173	S	A	15_5_11-Rht_758_C
cluster_001_consensus	698189	S	G	15_5_11-Rht_758_C
cluster_001_consensus	698222	S	C	15_5_11-Rht_758_C
cluster_001_consensus	698257	S	G	15_5_11-Rht_758_C
cluster_001_consensus	698284	S	G	15_5_11-Rht_758_C
cluster_001_consensus	698345	S	A	15_5_11-Rht_758_C
cluster_001_consensus	698348	S	A	15_5_11-Rht_758_C
cluster_001_consensus	698423	S	C	15_5_11-Rht_758_C
cluster_001_consensus	698424	S	T	15_5_11-Rht_758_C
cluster_001_consensus	698426	S	G	15_5_11-Rht_758_C
cluster_001_consensus	698429	S	G	15_5_11-Rht_758_C
cluster_001_consensus	698465	S	G	15_5_11-Rht_758_C
cluster_001_consensus	698475	S	C	15_5_11-Rht_758_C
cluster_001_consensus	698572	S	T	15_5_11-Rht_758_C
cluster_001_consensus	698573	S	G	15_5_11-Rht_758_C
cluster_001_consensus	698639	S	T	15_5_11-Rht_758_C
cluster_001_consensus	698647	S	G	15_5_11-Rht_758_C
cluster_001_consensus	698666	S	A	15_5_11-Rht_758_C
cluster_001_consensus	698759	S	G	15_5_11-Rht_758_C
cluster_001_consensus	698762	S	A	15_5_11-Rht_758_C
cluster_001_consensus	698768	S	G	15_5_11-Rht_758_C
cluster_004_consensus	408559	S	C	15_5_11-Rht_758_C
cluster_004_consensus	460269	S	TCGGCGAGGA	6_3_4-Rht_758_C
